experiment,lr,batch,epochs,optimizer,eval_loss,perplexity
exp1,0.0002,2,2,paged_adamw_8bit,0.043650880455970764,1.044617594801329
exp2,0.0001,2,2,paged_adamw_8bit,0.044330500066280365,1.045327778704149
exp3,0.0001,2,3,paged_adamw_8bit,0.04546438157558441,1.046513728779951
exp4,5e-05,2,3,paged_adamw_8bit,0.04622386768460274,1.047308843320861
exp5,0.0001,4,2,paged_adamw_8bit,0.0472240224480629,1.048356838240518
exp6,0.0001,4,2,adamw_torch,0.04817768186330795,1.0493570904840193
exp7,5e-05,4,3,adamw_torch,0.05020090192556381,1.0514823199804795
